"Data","UKX","CAC","DAX","SPX","IBOV"
2014-01-03,0.215718379042161,0.196684404420794,0.164961113385182,0.196684404420794,0.225951698731068
2014-01-10,0.15679463741621,0.188909201706277,0.221023765996344,0.230469226081658,0.202803168799512
2014-01-17,0.205657022252505,0.184883585661343,0.191115616638692,0.168264836388413,0.250078939059046
2014-01-24,0.21195652173913,0.191576086956522,0.1875,0.222146739130435,0.186820652173913
2014-01-31,0.260933372468447,0.202356492934714,0.204131549890282,0.161530182956658,0.171048401749899
2014-02-07,0.241364232619152,0.178399650196764,0.20113686051596,0.216878006121557,0.162221250546568
2014-02-14,0.185284929440913,0.213077668857051,0.208445545621028,0.171388559732845,0.221803296348163
2014-02-21,0.212664440051803,0.203803421716311,0.166144093790471,0.194942403380819,0.222445641060596
2014-02-28,0.185875642718665,0.171152819533028,0.18403528982046,0.226363406479166,0.232572841448681
2014-03-07,0.190889370932755,0.184924078091106,0.204808387563268,0.194866232827187,0.224511930585683
2014-03-14,0.153015124729916,0.19593400117855,0.223924572775486,0.186603810646238,0.240522490669809
2014-03-21,0.17053605861936,0.186039336675665,0.201542614731971,0.220491065689677,0.221390924283327
2014-03-28,0.188958343274324,0.20613637448108,0.210430882282769,0.188958343274324,0.205516056687503
2014-04-04,0.218244661152944,0.197259597580546,0.169979014936428,0.197259597580546,0.217257128749537
2014-04-11,0.214511633733129,0.201640935709141,0.178044655998497,0.201640935709141,0.204161838850092
2014-04-18,0.15162962962963,0.178888888888889,0.202740740740741,0.228296296296296,0.238444444444444
2014-04-25,0.217715936739659,0.198692214111922,0.164872262773723,0.188123479318735,0.230596107055961
2014-05-02,0.190247506464721,0.181012190616919,0.195788695973402,0.199482822312523,0.233468784632434
2014-05-09,0.214345804737658,0.197697586893956,0.178968341819792,0.199778614124419,0.209209652424175
2014-05-16,0.203575645134087,0.191600607185023,0.195592286501377,0.199583965817732,0.209647495361781
2014-05-23,0.201901167260781,0.195904102886699,0.209897253092892,0.201901167260781,0.190396309498847
2014-05-30,0.205769230769231,0.184615384615385,0.161538461538462,0.192307692307692,0.255769230769231
2014-06-06,0.196810963958622,0.185346247611517,0.183435461553667,0.19298939184292,0.241417935033274
2014-06-13,0.21079604578564,0.186108220603538,0.189906347554631,0.191805411030177,0.221383975026015
2014-06-20,0.15793431937829,0.180747054399599,0.193030834795688,0.261469039859614,0.206818751566809
2014-06-27,0.195240752955503,0.187731493226445,0.189608808158709,0.180222233497387,0.247196712161956
2014-07-04,0.162652421321565,0.190337939844385,0.223214493090233,0.193798629659738,0.229996516084079
2014-07-11,0.226066036170566,0.205326032852165,0.161772025883524,0.209474033515845,0.197361871577899
2014-07-18,0.14421208628355,0.207201273395905,0.202228442834404,0.250299138262254,0.196059059223887
2014-07-25,0.198091865840464,0.194354283466116,0.192485492278942,0.188747909904593,0.226320448509885
2014-08-01,0.190366157127622,0.192179168147885,0.17767507998578,0.206683256309989,0.233096338428724
2014-08-08,0.150615384615385,0.198,0.238615384615385,0.187846153846154,0.224923076923077
2014-08-15,0.173576320535641,0.211945822969835,0.24483396791343,0.180884797189773,0.188759091391322
2014-08-22,0.197138769670959,0.193419170243205,0.189699570815451,0.182260371959943,0.237482117310443
2014-08-29,0.218930474248504,0.204472801420772,0.173492073932776,0.206538183253305,0.196566467144643
2014-09-05,0.191058472526727,0.192844065727912,0.167845760911331,0.185701692923174,0.262550007910856
2014-09-12,0.201528141478638,0.199626932596764,0.19772572371489,0.19772572371489,0.203393478494817
2014-09-19,0.156001006458106,0.191227040174453,0.167743017696888,0.265033967961084,0.219994967709469
2014-09-26,0.194621313672922,0.210036863270777,0.20232908847185,0.196548257372654,0.196464477211796
2014-10-03,0.257312313073453,0.160135854412734,0.186140822223349,0.213514472550312,0.182896537740153
2014-10-10,0.236379351740696,0.184720288115246,0.208201680672269,0.169066026410564,0.201632653061224
2014-10-17,0.211043518951802,0.204648260801747,0.212642333489315,0.180666042739042,0.190999844018094
2014-10-24,0.18904440453335,0.195856815507525,0.180528890815631,0.246949897813835,0.187619991329659
2014-10-31,0.203890216396079,0.196476026708948,0.194622479287166,0.170526362803993,0.234484914803814
2014-11-07,0.205798536612202,0.20763602354624,0.196611101942015,0.18558618033779,0.204368157561754
2014-11-14,0.205641492265696,0.202001819836215,0.194722474977252,0.192902638762511,0.204731574158326
2014-11-21,0.201506790051809,0.203290035981471,0.192590560403499,0.199723544122147,0.202889069441074
2014-11-28,0.209845543551654,0.199084233625928,0.197290681971641,0.19011647535449,0.203663065496286
2014-12-05,0.204040771751001,0.197124135420459,0.188478340007281,0.209228248998908,0.201128503822352
2014-12-12,0.209472736204356,0.202431635827739,0.193630260356967,0.190109710168659,0.204355657442279
2014-12-19,0.262460465076413,0.212044330541961,0.201664538137809,0.154214058575971,0.169616607667847
2014-12-26,0.16986155484558,0.204605963791267,0.187233759318424,0.200745473908413,0.237553248136315
2015-01-02,0.208534399558803,0.19819385082035,0.187853302081897,0.180959602922928,0.224458844616021
2015-01-09,0.174184810917804,0.175712747855679,0.212383234364691,0.236830225370698,0.200888981491128
2015-01-16,0.182833328880934,0.17810488072022,0.190714075815457,0.215932466005931,0.232415248577458
2015-01-23,0.188400979706088,0.169716585024493,0.174387683694892,0.242897130860742,0.224597620713786
2015-01-30,0.163724503795847,0.20738437147474,0.189192759941868,0.196469404555017,0.243228960232527
2015-02-06,0.199309478970496,0.186754551161331,0.186754551161331,0.199309478970496,0.227871939736347
2015-02-13,0.203864148327846,0.200379291091473,0.198636862473286,0.177727719055045,0.21939197905235
2015-02-20,0.21086508753862,0.197476828012358,0.189109165808445,0.182415036045314,0.220133882595263
2015-02-27,0.206746287927695,0.193619539487842,0.183774478157951,0.178851947493006,0.237007746933506
2015-03-06,0.210832636135463,0.192426612345859,0.189080062565931,0.190753337455895,0.216907351496854
2015-03-13,0.183770381916122,0.179288177479144,0.171817836750846,0.243533107742503,0.221590496111385
2015-03-20,0.191155217265633,0.177714616051643,0.176221215916755,0.235957221312265,0.218951729453705
2015-03-27,0.158603204713135,0.204649296404046,0.19612224238721,0.191006009977109,0.2496192465185
2015-04-03,0.239900831267318,0.163132565261776,0.174099460405425,0.216596179087064,0.206270963978416
2015-04-10,0.200220628792057,0.200220628792057,0.191947049089906,0.185328185328185,0.222283507997794
2015-04-17,0.163157894736842,0.203508771929825,0.2,0.192982456140351,0.240350877192982
2015-04-24,0.219556753723939,0.203874128457944,0.162053794415288,0.216942982846273,0.197572340556555
2015-05-01,0.199303283014884,0.204370315633907,0.197614272141877,0.187480206903832,0.2112319223055
2015-05-08,0.176406415850926,0.174983783465031,0.199168534025239,0.210549593112395,0.238891673546409
2015-05-15,0.168279766252739,0.217878013148283,0.18245069393718,0.205478451424397,0.2259130752374
2015-05-22,0.211289813938821,0.193945127719962,0.208136234626301,0.181330810469883,0.205298013245033
2015-05-29,0.188796680497925,0.190410327339788,0.166205624711849,0.187183033656063,0.267404333794375
2015-06-05,0.211632703134636,0.172441461813407,0.188117958341899,0.224696450241713,0.203111426468345
2015-06-12,0.186432637571158,0.177893738140417,0.187855787476281,0.224857685009488,0.222960151802657
2015-06-19,0.202164027477666,0.203768503886219,0.205372980294772,0.17649240494082,0.212202083400522
2015-06-26,0.194388354781351,0.191374581839004,0.210964105964257,0.165757511829059,0.23751544558633
2015-07-03,0.217559845948599,0.199008231177788,0.178770105973268,0.199008231177788,0.205653585722556
2015-07-10,0.174258109040718,0.205375628512274,0.180481612935029,0.238982549541556,0.200902099970423
2015-07-17,0.202173793709173,0.187846516989625,0.168743481363562,0.184662677718614,0.256573530219026
2015-07-24,0.178761061946903,0.208849557522124,0.189380530973451,0.210619469026549,0.212389380530973
2015-07-31,0.23818792710024,0.159610466613563,0.179254831735232,0.230821290179614,0.19212548437135
2015-08-07,0.175204046613647,0.198257210641758,0.199794088243632,0.184425312224891,0.242319342276071
2015-08-14,0.175992779783394,0.174638989169675,0.17057761732852,0.259927797833935,0.218862815884477
2015-08-21,0.185809804823908,0.223816355810617,0.212555155518259,0.170325654421916,0.2074930294253
2015-08-28,0.291164211042507,0.188674408755545,0.174698526625504,0.156064017118784,0.18939883645766
2015-09-04,0.195405727923628,0.193914081145585,0.190930787589499,0.177505966587112,0.242243436754177
2015-09-11,0.235748525295241,0.168572870237995,0.179980056945829,0.206596825930776,0.209101721590158
2015-09-18,0.196134868421053,0.202361372180451,0.199248120300752,0.180568609022556,0.221687030075188
2015-09-25,0.197519243641232,0.196034136546185,0.191578815261044,0.176727744310576,0.238140060240964
2015-10-02,0.170989708179791,0.172265750778147,0.181198048966644,0.25520851967133,0.220337972404088
2015-10-09,0.207363155432396,0.207363155432396,0.216648072839817,0.185698348148415,0.182927268146975
2015-10-16,0.166352624495289,0.201884253028264,0.185733512786003,0.197039030955585,0.248990578734859
2015-10-23,0.206150073102863,0.195915672310522,0.194453615054473,0.178370985237938,0.225109654294204
2015-10-30,0.212961488921371,0.197186563816085,0.178256653689741,0.19087659377397,0.220718699798834
2015-11-06,0.195934477994869,0.197375172686007,0.19449378330373,0.18296822577462,0.229228340240774
2015-11-13,0.198301763553233,0.193990855649902,0.206923579359895,0.172436316133246,0.228347485303723
2015-11-20,0.261658960993041,0.176412602660466,0.187068397452038,0.178780557058593,0.196079481835861
2015-11-27,0.175893015816599,0.213701794917363,0.190687755464724,0.202194775191043,0.217522658610272
2015-12-04,0.197897173724318,0.195029098742806,0.192161023761294,0.172084498890711,0.242828204880872
2015-12-11,0.188330250546494,0.220615436354464,0.204472843450479,0.162771145115184,0.223810324533378
2015-12-18,0.284793359237019,0.16888908512893,0.174408336276934,0.185446838572942,0.186462380784175
2015-12-25,0.187125433708338,0.19603616864683,0.178214698769845,0.190095678687835,0.248528020187152
2016-01-01,0.17478584883609,0.209118783428894,0.21067937136493,0.204437019620784,0.200978976749302
2016-01-08,0.1773716389455,0.181118927092236,0.174873446847676,0.25981197817369,0.206824008940898
2016-01-15,0.268986058478878,0.18252625396781,0.176121824004027,0.189998088925557,0.182367774623728
2016-01-22,0.180436007646155,0.193142768747997,0.208390882070208,0.237616432604444,0.180413908931196
2016-01-29,0.207170758928571,0.2041015625,0.184151785714286,0.199497767857143,0.205078125
2016-02-05,0.195868664957602,0.195868664957602,0.197298363241964,0.177282587260895,0.233681719581937
2016-02-12,0.219961846996674,0.189189982390922,0.184631187634514,0.210844257483858,0.195372725494032
2016-02-19,0.175376027291053,0.197146844472011,0.198356334315398,0.228593580400062,0.200527213521476
2016-02-26,0.185033447492238,0.204589828121499,0.206094165092981,0.200076817207054,0.204205742086227
2016-03-04,0.197070914696814,0.192936559843035,0.192936559843035,0.172264785574138,0.244791180042979
2016-03-11,0.196683898407649,0.187122875568388,0.188488735973997,0.181659433945953,0.246045056104013
2016-03-18,0.216032726956219,0.207154669684046,0.208634345896074,0.182000174079554,0.186178083384107
2016-03-25,0.188844265466375,0.183634768487993,0.183634768487993,0.16930865179744,0.2745775457602
2016-04-01,0.205880612908951,0.178666508903745,0.196414837602792,0.21297994438857,0.206058096195942
2016-04-08,0.190808018417654,0.196221011847942,0.19486776349037,0.182688528272222,0.235414677971812
2016-04-15,0.175351729967997,0.176569450314997,0.186311213090997,0.238673188011996,0.223094418614013
2016-04-22,0.210926213280539,0.203702712825726,0.202258012734764,0.196479212370913,0.186633848788057
2016-04-29,0.211602015703738,0.208742529005039,0.20588304230634,0.181577405367397,0.192195007617485
2016-05-06,0.177960069150198,0.1791464696112,0.204060879292227,0.234907291278262,0.203925290668113
2016-05-13,0.195398308294407,0.195398308294407,0.203162479484914,0.168223709127635,0.237817194798637
2016-05-20,0.196258019488363,0.194931951789118,0.193605884089872,0.210844764180066,0.204359380452581
2016-05-27,0.197611661212868,0.194976839063363,0.194976839063363,0.172580850792572,0.239853809867834
2016-06-03,0.195711053755218,0.19174393780072,0.189099193831055,0.18116496192206,0.242280852690947
2016-06-10,0.189931373140937,0.192447020467307,0.220119141057377,0.172321841856346,0.225180623478033
2016-06-17,0.224928983760881,0.180161564662841,0.180161564662841,0.219469542407461,0.195278344505975
2016-06-24,0.181247548058062,0.191839937230286,0.191839937230286,0.234209493919184,0.200863083562181
2016-07-01,0.177795961589372,0.193627108854179,0.183884864383529,0.238684989530938,0.206007075641982
2016-07-08,0.202747610773241,0.202747610773241,0.19860990443093,0.190334491746308,0.205560382276282
2016-07-15,0.193190484022908,0.198274444128774,0.198274444128774,0.175396623652377,0.234864004067168
2016-07-22,0.202485273609059,0.195824573819287,0.193160293903378,0.183835314197698,0.224694544470578
2016-07-29,0.206523922812583,0.210600052868094,0.207882632831086,0.187501982553529,0.187491408934708
2016-08-05,0.192329055456486,0.196100213406613,0.192329055456486,0.170959160405765,0.248282515274651
2016-08-12,0.200474537856789,0.203095120050995,0.200474537856789,0.175579007011828,0.220376797223599
2016-08-19,0.199991956080198,0.202606230015887,0.196070545176665,0.181692038530376,0.219639230196875
2016-08-26,0.192670381483069,0.203857693956279,0.21504500642949,0.171538791255894,0.216888126875268
2016-09-02,0.178816753557841,0.182277722981541,0.178816753557841,0.237653233760744,0.222435536142032
2016-09-09,0.208463308616722,0.209808233188443,0.207118384045001,0.18828944004091,0.186320634108924
2016-09-16,0.180027103096008,0.183467111435422,0.188053789221307,0.224747211508392,0.223704784738872
2016-09-23,0.191428753157541,0.197448525269413,0.208284115070783,0.1697575735548,0.233081032947462
2016-09-30,0.212140484771394,0.202741855699244,0.202741855699244,0.193343226627094,0.189032577203025
2016-10-07,0.188745935246713,0.1853141909695,0.203616827114636,0.19675333856021,0.225569708108942
2016-10-14,0.199611562611959,0.200874926932287,0.203401655572945,0.218562027416891,0.177549827465917
2016-10-21,0.184127599121787,0.184127599121787,0.184127599121787,0.245503465495717,0.202113737138921
2016-10-28,0.198795689242804,0.200061903823968,0.198795689242804,0.184867328849996,0.217479388840429
2016-11-04,0.179760791374317,0.178644264719818,0.192042584573804,0.238936704062756,0.210615655269305
2016-11-11,0.258359429495837,0.170557592128111,0.16046542691343,0.205880170379495,0.204737381083127
2016-11-18,0.207680095256995,0.197360587418139,0.178011510220282,0.190910895018853,0.226036912085731
2016-11-25,0.198399768292241,0.189719778429456,0.200879765395894,0.176079794359364,0.234920893523044
2016-12-02,0.196072158210579,0.201099649446747,0.206127140682916,0.178475938883988,0.218225112775769
2016-12-09,0.175630450153193,0.182135281640349,0.187555974546312,0.229837379212821,0.224840914447325
2016-12-16,0.213508806988495,0.20296516219894,0.201647206600246,0.196375384205468,0.185503440006851
2016-12-23,0.197839405217607,0.197839405217607,0.197839405217607,0.190466508128752,0.216015276218429
2016-12-30,0.195944495141983,0.200936711578721,0.202184765687906,0.178471737613398,0.222462289977991
2017-01-06,0.177173913043478,0.185869565217391,0.204347826086957,0.234782608695652,0.197826086956522
2017-01-13,0.202841076186827,0.196580549144023,0.185311600466977,0.194076338326902,0.221190435875271
2017-01-20,0.204994999444383,0.208912101344594,0.210217801977998,0.194549394377153,0.181325702855873
2017-01-27,0.190382027969177,0.194997349859339,0.186920536551555,0.182305214661394,0.245394870958535
2017-02-03,0.199944714154904,0.203624678219105,0.198718059466837,0.181544893833901,0.216167654325254
2017-02-10,0.197414551434873,0.198625683652265,0.20225908030444,0.185303229260954,0.216397455347467
2017-02-17,0.195174624016309,0.202586318599207,0.201351036168724,0.180351234850514,0.220536786365246
2017-02-24,0.197410132184939,0.198636282074287,0.199862431963634,0.179017883844728,0.225073269932412
2017-03-03,0.193840315282441,0.202014304481098,0.19150488979711,0.172821485914465,0.239819004524887
2017-03-10,0.205096693510349,0.202595514321198,0.203846103915773,0.185087259997144,0.203374428255536
2017-03-17,0.175453407060346,0.243798629578039,0.169332939372195,0.210136057293206,0.201278966696214
2017-03-24,0.292896751453652,0.190546213770963,0.154614642031296,0.165502997103922,0.196439395640168
2017-03-31,0.234882375354567,0.14937694923865,0.198825870365928,0.233852189497749,0.183062615543106
2017-04-07,0.196983460656532,0.198155981255678,0.195810940057386,0.178223131070195,0.23082648696021
2017-04-14,0.177654302447815,0.19867848025229,0.203934524703409,0.191320018020724,0.228412674575762
2017-04-21,0.183447736849259,0.190464863395406,0.190464863395406,0.229560282723936,0.206062253635993
2017-04-28,0.214561855670103,0.20207412862052,0.197533136966127,0.175963426607757,0.209867452135493
2017-05-05,0.216140549148537,0.204697814193615,0.185626589268744,0.205969229188606,0.187565818200498
2017-05-12,0.19944853677891,0.197059931548025,0.203031444625237,0.181533997547271,0.218926089500557
2017-05-19,0.194566263349687,0.185132747550914,0.175699231752141,0.186311937025761,0.258289820321497
2017-05-26,0.174471628534042,0.195289266029581,0.188350053531068,0.229985328522146,0.211903723383163
2017-06-02,0.199694104560623,0.199694104560623,0.20567296996663,0.196106785317019,0.198832035595106
2017-06-09,0.201986500407448,0.198503974538354,0.197343132581989,0.181091345192884,0.221075047279325
2017-06-16,0.178286800572389,0.182506606503097,0.183561557985774,0.237364083602294,0.218280951336446
2017-06-23,0.207835509863851,0.223395387607669,0.205612670186163,0.174492914698527,0.18866351764379
2017-06-30,0.207005129232173,0.202480426953874,0.197955724675575,0.17759456442323,0.214964154715148
2017-07-07,0.187146878943792,0.197048830210659,0.194078244830599,0.233686049898068,0.188039996116882
2017-07-14,0.19602298640883,0.198356593389887,0.197189789899358,0.185521754994071,0.222908875307854
2017-07-21,0.202232435981615,0.199824906981834,0.180564674983585,0.199824906981834,0.217553075071132
2017-07-28,0.180943529195477,0.210399452552881,0.207243460764587,0.16726756477954,0.234145992707514
2017-08-04,0.196614696940207,0.177889487707806,0.185171513520406,0.234065115405008,0.206259186426572
2017-08-11,0.196153352523789,0.195012926055628,0.202995911332759,0.181327808437689,0.224510001650135
2017-08-18,0.223895654680406,0.187360380485696,0.186423578583267,0.219211645168264,0.183108741082367
2017-08-25,0.195802481781732,0.196947525534842,0.183207000497527,0.20038265679417,0.223660335391729
2017-09-01,0.19781653239255,0.196652905731417,0.195489279070285,0.209452799003876,0.200588483801872
2017-09-08,0.192082540611737,0.1942777696473,0.199765842236207,0.178911166398361,0.234962681106395
2017-09-15,0.190104233689358,0.182988032428259,0.184004632608416,0.246017243597993,0.196885857675975
2017-09-22,0.216221660688095,0.189333993037762,0.169168242300012,0.202777826862929,0.222498277111201
2017-09-29,0.190751203180582,0.192969240426868,0.198514333542582,0.175224942456581,0.242540280393388
2017-10-06,0.201349719817542,0.215397374688533,0.177936961699223,0.184960789134719,0.220355154659983
2017-10-13,0.1915927540066,0.198276222169621,0.211643158495663,0.174884083599048,0.223603781729069
2017-10-20,0.197344153448912,0.201854876956316,0.202982557833166,0.181556621172999,0.216261790588607
2017-10-27,0.202647845742227,0.203708829227789,0.20476981271335,0.170818341175385,0.218055171141249
2017-11-03,0.210712780264558,0.193423526499261,0.194504104859592,0.173973116013301,0.227386472363288
2017-11-10,0.19491833030853,0.197096188747731,0.198185117967332,0.175317604355717,0.23448275862069
2017-11-17,0.186764074159419,0.19878354427859,0.201557268152245,0.230219081513344,0.182676031896402
2017-11-24,0.204760471598121,0.205826932387694,0.204760471598121,0.178098951858782,0.206553172557281
2017-12-01,0.189216147007203,0.182943788542876,0.190261540084591,0.183989181620263,0.253589342745068
2017-12-08,0.192412623920781,0.19885706587028,0.20530150781978,0.221872929975637,0.181555872413522
2017-12-15,0.199622992674604,0.185043785344437,0.168221623040397,0.20074447016154,0.246367128779021
2017-12-22,0.202989481454143,0.251481413134855,0.20750035881979,0.18381825265014,0.154210493941072
2017-12-29,0.188829454805347,0.19731617187525,0.199437851142726,0.185646935904133,0.228769586272543
2018-01-05,0.167011243905405,0.20646994438855,0.203717011796703,0.233081626109741,0.1897201737996
2018-01-12,0.201598256447512,0.190398353311539,0.172478508293982,0.208318198329096,0.227206683617871
2018-01-19,0.191026005624546,0.193136790217082,0.199469143994691,0.1825828672544,0.23378519290928
2018-01-26,0.196373865912572,0.209202309414398,0.186505832449629,0.204268292682927,0.203649699540474
2018-02-02,0.210072717479127,0.205763533530838,0.219768381362779,0.185294909776461,0.179100457850795
2018-02-09,0.218066519994823,0.185570332701477,0.194977123760077,0.21122521740675,0.190160806136872
2018-02-16,0.249436805717393,0.169657422512235,0.117144410782257,0.234288821564515,0.2294725394236
2018-02-23,0.241375765329434,0.1794183496299,0.139404185323951,0.240084985835694,0.19971671388102
2018-03-02,0.208150392678251,0.192381423535959,0.17871498361264,0.191330158926473,0.229423041246676
2018-03-09,0.214809151385992,0.190556505261768,0.148980540477382,0.228667806314121,0.216985996560737
2018-03-16,0.215174206324649,0.20576768364379,0.182251376941642,0.221053283000186,0.175753450089733
2018-03-23,0.1709954742907,0.162980061433323,0.1709954742907,0.242243588578491,0.252785401406787
2018-03-30,0.216882596789731,0.186165319132816,0.190819452111136,0.219675076576723,0.186457555389594
2018-04-06,0.202492496054156,0.188853105128229,0.182558001623954,0.200394128219398,0.225702268974263
2018-04-13,0.184245668248538,0.175653901335393,0.185200309016665,0.252025162785565,0.20287495861384
2018-04-20,0.201320645250043,0.188867821832515,0.195094233541279,0.193018762971691,0.221698536404472
2018-04-27,0.20611605190261,0.197660008747631,0.202945035719493,0.175462895465811,0.217816008164455
2018-05-04,0.198967308947724,0.189689040654825,0.199998227646935,0.172163422768238,0.239181999982276
2018-05-11,0.204232804232804,0.19047619047619,0.203174603174603,0.172486772486772,0.22962962962963
2018-05-18,0.20068967356044,0.19133108774674,0.201729516428629,0.187171716273985,0.219078005990206
2018-05-25,0.179787650714006,0.175129939555612,0.193760784189188,0.221707051139551,0.229614574401643
2018-06-01,0.19089591347494,0.215495902324804,0.204671907230864,0.162359926409099,0.226576350560294
2018-06-08,0.206049860305179,0.230353177161688,0.218729851708575,0.177519879647539,0.167347231177018
2018-06-15,0.20090197313917,0.193652932871262,0.2019375503203,0.178119275154316,0.225388268514953
2018-06-22,0.209274289806636,0.19440200525185,0.193339699212222,0.178467414657436,0.224516591071855
2018-06-29,0.172061241265927,0.193896424167694,0.208744348540896,0.237566789971229,0.187731196054254
2018-07-06,0.172579686997848,0.194370051517778,0.204829426487345,0.238822395138436,0.189398439858594
2018-07-13,0.199504900474891,0.189428895400402,0.190436495907851,0.184390892863157,0.236238815353699
2018-07-20,0.207601627429843,0.199255833362312,0.206558403171402,0.179434572451925,0.207149563584519
2018-07-27,0.193225709275178,0.19808062659365,0.203906527375816,0.189341775420401,0.215445361334954
2018-08-03,0.203763103259056,0.194547686528747,0.19045194575972,0.174068982683615,0.237168281768862
2018-08-10,0.191988829740815,0.204468103673968,0.232306483986386,0.163190505279693,0.208046077319138
2018-08-17,0.169502575135276,0.188147858400156,0.201708064410979,0.233066040811005,0.207575461242584
2018-08-24,0.194628967390728,0.217868247079173,0.21109012383671,0.165579867780171,0.210832793913219
2018-08-31,0.203526683682832,0.192332716080276,0.183174015314549,0.171980047711993,0.24898653721035
2018-09-07,0.202078258841144,0.209046474663253,0.229951122129578,0.174205395552711,0.184718748813315
2018-09-14,0.171847107970334,0.192164007434807,0.195550157345553,0.238723568707558,0.201715158541747
2018-09-21,0.205412186975523,0.194170724006713,0.184973163395869,0.192126821648748,0.223317103973147
2018-09-28,0.204481409537359,0.194358567481054,0.199419988509206,0.178162020190966,0.223578014281415
2018-10-05,0.185429664609976,0.191823790975837,0.221054082934059,0.200044810589087,0.201647650891041
2018-10-12,0.177079309012639,0.196754787791821,0.19846569899001,0.242093934543849,0.185606269661681
2018-10-19,0.234943788987159,0.18714488019322,0.183094125210683,0.208208806102413,0.186608399506525
2018-10-26,0.203232576317283,0.197225702140417,0.206236013405716,0.181207371002109,0.212098337134475
2018-11-02,0.187616025700104,0.190907534922913,0.195844798757126,0.222176872539597,0.20345476808026
2018-11-09,0.210015005835603,0.199566498082588,0.19434224420608,0.195387094981382,0.200689156894348
2018-11-16,0.198985568815253,0.189278955702313,0.199956230126546,0.181513665211962,0.230265580143926
2018-11-23,0.179039301310044,0.206113537117904,0.212227074235808,0.239301310043668,0.163318777292576
2018-11-30,0.185156023962093,0.200435890017217,0.200435890017217,0.242680225581384,0.171291970422088
2018-12-07,0.195471308012684,0.186972555490393,0.197359919684304,0.180362414639722,0.239833802172897
2018-12-14,0.229930753868264,0.187263191294772,0.195164591771345,0.227560333725293,0.160081129340326
2018-12-21,0.192836176667586,0.184370198179741,0.191895512391159,0.195658169496868,0.235239943264647
2018-12-28,0.175500995007506,0.198065408651328,0.200572565722864,0.237344202772056,0.188516827846245
2019-01-04,0.187412430645071,0.213417026284818,0.212520316090344,0.165891385977694,0.220758841002074
2019-01-11,0.20502894420847,0.197143215585067,0.197143215585067,0.183343190494113,0.217341434127283
2019-01-18,0.206163753922319,0.19823437877146,0.209137269603891,0.18733148793903,0.1991331097633
2019-01-25,0.200991501416431,0.1923363649918,0.183681228567169,0.186566274042046,0.236424630982556
2019-02-01,0.206749555950266,0.196904339000254,0.207734077645268,0.190997208830246,0.197614818573966
2019-02-08,0.194921541488997,0.189244215037861,0.202491310090511,0.179782004285968,0.233560929096663
2019-02-15,0.185528380498891,0.211906823223852,0.218061793193009,0.169701314863914,0.214801688220334
2019-02-22,0.199774114609944,0.194994829571429,0.185436259494398,0.186392116502101,0.233402679822127
2019-03-01,0.195270988310308,0.187832093517535,0.198060573857598,0.179463336875664,0.239373007438895
2019-03-08,0.204221709962467,0.195510831338476,0.207125336170464,0.188735703519816,0.204406419008777
2019-03-15,0.176384630328831,0.201344719526307,0.181376648168326,0.232960832509777,0.207933169466758
2019-03-22,0.209054710221812,0.203138067479685,0.199193638984934,0.191304781995431,0.197308801318138
2019-03-29,0.178859690286251,0.193571093383388,0.198216799624589,0.219122477709995,0.210229938995777
2019-04-05,0.206524393818018,0.196828412887595,0.191980422422383,0.186162833864129,0.218503937007874
2019-04-12,0.211281219168958,0.202311733449521,0.198325295351993,0.19134902868132,0.196732723348207
2019-04-19,0.195800828276991,0.185736299720697,0.197630742559954,0.173841856881441,0.246990272560917
2019-04-26,0.203627409196382,0.192262158450537,0.204574513425202,0.187526637306436,0.212009281621442
2019-05-03,0.203275418563692,0.228803029267039,0.207057286816039,0.182475143175779,0.178389122177451
2019-05-10,0.194249818796811,0.194249818796811,0.195149123513463,0.177163029180425,0.239188209712491
2019-05-17,0.222218738761999,0.187288034006768,0.193233685879999,0.214043467436306,0.183216073914928
2019-05-24,0.188412749173862,0.185721138471378,0.183029527768895,0.200076395551292,0.242760189034573
2019-05-31,0.183530945434229,0.213700415916568,0.220404742690422,0.210348252529642,0.172015643429139
2019-06-07,0.178961902614968,0.18631650135257,0.208380297565374,0.236981514878269,0.189359783588819
2019-06-14,0.198067621760718,0.194330496821837,0.187790528178794,0.183119122005192,0.236692231233458
2019-06-21,0.200657540153067,0.190578850921634,0.200657540153067,0.180500161690202,0.227605907082031
2019-06-28,0.211214499287863,0.201570001603486,0.211214499287863,0.189996604382233,0.186004395438553
2019-07-05,0.195645478246912,0.191198990104937,0.195645478246912,0.179638120935801,0.237871932465437
2019-07-12,0.203987951063202,0.195527621295604,0.206808060985735,0.189887401450538,0.203788965204921
2019-07-19,0.183359880071208,0.186869160072571,0.228980520088924,0.17370936006746,0.227081079699837
2019-07-26,0.169923063401706,0.211406628175832,0.184282758900442,0.233743932284976,0.200643617237043
2019-08-02,0.195544359600094,0.190112571833425,0.199165551444541,0.186491379988979,0.228686137132961
2019-08-09,0.199304878656146,0.193399548918186,0.197090380004411,0.222926197607986,0.187278994813271
2019-08-16,0.212695166435189,0.188886006013339,0.200790586224264,0.189679644694068,0.207948596633141
2019-08-23,0.20681911768743,0.186976693112252,0.194608394871936,0.205292777335493,0.20630301699289
2019-08-30,0.191004476938561,0.171662251425795,0.180527438119146,0.24580744922473,0.210998384291768
2019-09-06,0.214915299993251,0.203603968414659,0.196063080695597,0.188522192976536,0.196895457919957
2019-09-13,0.2145961608113,0.19558131111916,0.191959434987323,0.183810213690692,0.214052879391525
2019-09-20,0.208059905037753,0.189624217249598,0.196647336406991,0.172944309250791,0.232724232054867
2019-09-27,0.191592060407175,0.179827635645331,0.189071112243923,0.257136712651735,0.182372479051837
2019-10-04,0.1756532046955,0.202736297930489,0.200414889938919,0.237557417804047,0.183638189631044
2019-10-11,0.212616348515923,0.209431084867744,0.206245821219565,0.16085581423302,0.210850931163748
2019-10-18,0.219684029380545,0.194370643279083,0.19346659377546,0.178097752213858,0.214380981351054
2019-10-25,0.197790834884372,0.211610281863192,0.196063404012019,0.17015194092673,0.224383538313687
2019-11-01,0.205136044023234,0.193591591329286,0.190927486861452,0.177606964522281,0.232737913263746
2019-11-08,0.204330715199017,0.193669982232112,0.201665531957291,0.18034406602348,0.2199897045881
2019-11-15,0.203901114163143,0.191543470880528,0.200370358939539,0.178303138792013,0.225881917224777
2019-11-22,0.202650696631063,0.193801321232327,0.20176575909119,0.179642320594349,0.222139902451071
2019-11-29,0.187616870187976,0.19822130198121,0.215351537954895,0.189248321233089,0.20956196864283
2019-12-06,0.200908388094318,0.192211055276382,0.199168921530731,0.179165056049478,0.228546579049092
2019-12-13,0.188088228196342,0.216221082841093,0.187284432349349,0.200145165901235,0.208261090711981
2019-12-20,0.205994752452658,0.196269678302533,0.203342459502624,0.181240018252339,0.213153091489847
2019-12-27,0.206457382257103,0.194938300843617,0.202913049514492,0.181647053058825,0.214044214325964
2020-01-03,0.200340639574678,0.196022953376948,0.202931251293316,0.191705267179218,0.20899988857584
2020-01-10,0.183475897426574,0.193756874437546,0.217482206001327,0.187430119353871,0.217854902780682
2020-01-17,0.202249596587147,0.192742136918521,0.191877822403191,0.182370362734564,0.230760081356577
2020-01-24,0.207964043846983,0.198187956315715,0.205297838156637,0.187523133554331,0.201027028126335
2020-01-31,0.201577717891547,0.198666848319106,0.180473913491349,0.219042935326194,0.200238584971805
2020-02-07,0.195066524476945,0.195066524476945,0.187403196729636,0.220843172354256,0.201620581962218
2020-02-14,0.20092568226498,0.191560502159409,0.186452222101825,0.189006362130617,0.232055231343168
2020-02-21,0.204456225119573,0.194104011189468,0.200142802648696,0.188927904224415,0.212369056817848
2020-02-28,0.173411380649519,0.205605898576012,0.211459447289919,0.231215174199358,0.178308099285192
2020-03-06,0.19381277782795,0.18581133287175,0.119132624903419,0.283606771225303,0.217636493171579
2020-03-13,0.214118485138331,0.238995321585938,0.136822600461838,0.199014691580856,0.211048901233036
2020-03-20,0.189831105602506,0.157720371321485,0.0897211693146173,0.301274242224873,0.261453111536519
2020-03-27,0.202370420364273,0.229827713579526,0.0976259314320112,0.291860857510283,0.178315077113906
2020-04-03,0.211737062779638,0.220122689028337,0.111109547795256,0.262050820271829,0.19497988012494
2020-04-10,0.252045318493227,0.160166729485844,0.130368268186152,0.238387690397535,0.219031993437244
2020-04-17,0.270431185142033,0.152948785039347,0.129673969924664,0.238289773793185,0.208656286100771
2020-04-24,0.216999176795313,0.205195874291802,0.188852840056172,0.216999176795313,0.171952932061401
2020-05-01,0.203269132538085,0.23206559298098,0.207503906132628,0.194799585348998,0.162361782999309
2020-05-08,0.209534920555206,0.205169609710306,0.203423485372346,0.210407982724186,0.171464001637957
2020-05-15,0.199231806720225,0.193420879024219,0.196741409136222,0.199231806720225,0.211374098399109
2020-05-22,0.182035086329796,0.21199970959396,0.21574528750198,0.230727599134062,0.159492317440203
2020-05-29,0.201911814987524,0.193636740602789,0.193636740602789,0.200256800110577,0.210557903696321
2020-06-05,0.207645622914474,0.199986563052874,0.199986563052874,0.204241596309319,0.188139654670459
2020-06-12,0.246795022305706,0.186705799483447,0.173829537450106,0.257525240666823,0.135144400093919
2020-06-19,0.233310436710816,0.16996823669883,0.156244093362899,0.218530590041352,0.221946643186103
2020-06-26,0.20739481114565,0.197068098557485,0.188462504734014,0.199649776704526,0.207424808858325
2020-07-03,0.191915231575032,0.218120524239896,0.21657903643608,0.180354073046416,0.193031134702577
2020-07-10,0.198909263053819,0.186829753151765,0.190050955792313,0.194882759753134,0.229327268248969
2020-07-17,0.202973313870268,0.201336432306798,0.193970465271184,0.193970465271184,0.207749323280566
2020-07-24,0.201939124914044,0.188910794274429,0.192167876934332,0.192982147599308,0.224000056277886
2020-07-31,0.19606186089749,0.224717055951739,0.183242431531116,0.183242431531116,0.21273622008854
2020-08-07,0.19283926942775,0.213863099553331,0.214588059212834,0.172540398961671,0.206169172844414
2020-08-14,0.209928822416434,0.198172808361114,0.199852238940445,0.204050815388774,0.187995314893234
2020-08-21,0.199113497251637,0.189556049383558,0.189556049383558,0.193538319328591,0.228236084652656
2020-08-28,0.190694066706595,0.206776698838477,0.190694066706595,0.186099028954629,0.225736138793704
2020-09-04,0.206361539522596,0.193259219552908,0.19653479954533,0.191621429556697,0.212223011822469
2020-09-11,0.17766241620886,0.213194899450633,0.211104753377587,0.180449277639588,0.217588653323332
2020-09-18,0.205895313418948,0.200107091756568,0.198453314138745,0.179434871533782,0.216109409151956
2020-09-25,0.202321499040647,0.196701457400629,0.19750432049206,0.187067100303455,0.21640562276321
2020-10-02,0.182681744749596,0.21751211631664,0.21751211631664,0.17983844911147,0.202455573505654
2020-10-09,0.196707597523809,0.185045091741765,0.188155093283643,0.191265094825522,0.238827122625261
2020-10-16,0.207807252866865,0.199494962752191,0.201157420775125,0.206976023855398,0.184564339750421
2020-10-23,0.185403378937631,0.217269584692536,0.222339208335362,0.205681873508934,0.169305954525537
2020-10-30,0.191452577657697,0.186982867673471,0.225720354203433,0.189217722665584,0.206626477799816
2020-11-06,0.233989071408487,0.235608372940726,0.132782725643571,0.174074914715657,0.223544915291559
2020-11-13,0.229914681491705,0.193903948246016,0.161586623538347,0.20221411745656,0.212380629267371
2020-11-20,0.203188592062181,0.181156094127727,0.182788131011761,0.204820628946214,0.228046553852117
2020-11-27,0.195313963206097,0.186986623689558,0.185472561959278,0.202884271857496,0.229342579287573
2020-12-04,0.204471687751364,0.19258379892861,0.194168850771644,0.200509058143779,0.208266604404603
2020-12-11,0.210462492568773,0.20393652380695,0.208015254283089,0.205568015997406,0.172017713343782
2020-12-18,0.175818319013277,0.196183375269641,0.207723573814914,0.23080397090546,0.18947076099671
2020-12-25,0.199177059539822,0.187596997938669,0.190685014365643,0.195317039006104,0.227223889149761
2021-01-01,0.208734716714114,0.194339219009692,0.205535717224243,0.203136467606839,0.188253879445112
